{"cameraMode":{"drawMode":0,"name":"Shaded","section":"Shading Mode"},"sceneLighting":false,"audioPlay":false,"sceneViewState":{"m_AlwaysRefresh":false,"showFog":true,"showSkybox":false,"showFlares":true,"showImageEffects":true,"showParticleSystems":true,"showVisualEffectGraphs":true,"m_FxEnabled":true},"in2DMode":false,"pivot":{"x":-0.04950004816055298,"y":0.14343422651290894,"z":0.2219998836517334},"rotation":{"x":0.08926095813512802,"y":0.180921733379364,"z":-0.016510598361492158,"w":0.9793198704719544},"size":2.720721960067749,"orthographic":true}