{"cameraMode":{"drawMode":0,"name":"Shaded","section":"Shading Mode"},"sceneLighting":false,"audioPlay":false,"sceneViewState":{"m_AlwaysRefresh":false,"showFog":true,"showSkybox":false,"showFlares":true,"showImageEffects":true,"showParticleSystems":true,"showVisualEffectGraphs":true,"m_FxEnabled":true},"in2DMode":false,"pivot":{"x":4.9099249839782719,"y":2.5924088954925539,"z":0.2219998836517334},"rotation":{"x":-0.15472525358200074,"y":-0.02695310488343239,"z":0.004209636244922876,"w":-0.9876267313957214},"size":3.312183141708374,"orthographic":true}