{"cameraMode":{"drawMode":0,"name":"Shaded","section":"Shading Mode"},"sceneLighting":false,"audioPlay":false,"sceneViewState":{"m_AlwaysRefresh":false,"showFog":true,"showSkybox":false,"showFlares":true,"showImageEffects":true,"showParticleSystems":true,"showVisualEffectGraphs":true,"m_FxEnabled":true},"in2DMode":false,"pivot":{"x":-0.17339998483657838,"y":0.46470001339912417,"z":-0.3492000102996826},"rotation":{"x":-0.14541076123714448,"y":0.45893731713294985,"z":-0.07638994604349137,"w":-0.8731818795204163},"size":0.6693129539489746,"orthographic":true}