{"cameraMode":{"drawMode":0,"name":"Shaded","section":"Shading Mode"},"sceneLighting":false,"audioPlay":false,"sceneViewState":{"m_AlwaysRefresh":false,"showFog":true,"showSkybox":false,"showFlares":true,"showImageEffects":true,"showParticleSystems":true,"showVisualEffectGraphs":true,"m_FxEnabled":true},"in2DMode":false,"pivot":{"x":-2.4000000953674318,"y":2.8625714778900148,"z":1.9222980737686158},"rotation":{"x":0.012247515842318535,"y":-0.9862675666809082,"z":0.14300352334976197,"w":0.08362758904695511},"size":2.4311389923095705,"orthographic":true}