{"cameraMode":{"drawMode":0,"name":"Shaded","section":"Shading Mode"},"sceneLighting":false,"audioPlay":false,"sceneViewState":{"m_AlwaysRefresh":false,"showFog":true,"showSkybox":false,"showFlares":true,"showImageEffects":true,"showParticleSystems":true,"showVisualEffectGraphs":true,"m_FxEnabled":true},"in2DMode":false,"pivot":{"x":-2.4000000953674318,"y":2.8625714778900148,"z":1.9222980737686158},"rotation":{"x":-0.02327621541917324,"y":-0.976452112197876,"z":-0.16411447525024415,"w":0.13922354578971864},"size":2.265943765640259,"orthographic":true}