{"cameraMode":{"drawMode":0,"name":"Shaded","section":"Shading Mode"},"sceneLighting":false,"audioPlay":false,"sceneViewState":{"m_AlwaysRefresh":false,"showFog":true,"showSkybox":false,"showFlares":true,"showImageEffects":true,"showParticleSystems":true,"showVisualEffectGraphs":true,"m_FxEnabled":true},"in2DMode":false,"pivot":{"x":-2.3783578872680666,"y":1.219669222831726,"z":1.9309312105178834},"rotation":{"x":0.014896486885845662,"y":-0.11671949923038483,"z":0.0017485178541392089,"w":0.9930559396743774},"size":1.3714418411254883,"orthographic":true}