{"cameraMode":{"drawMode":0,"name":"Shaded","section":"Shading Mode"},"sceneLighting":true,"audioPlay":false,"sceneViewState":{"m_AlwaysRefresh":false,"showFog":true,"showSkybox":true,"showFlares":true,"showImageEffects":true,"showParticleSystems":true,"showVisualEffectGraphs":true,"m_FxEnabled":true},"in2DMode":false,"pivot":{"x":-2.3343300819396974,"y":1.3922979831695557,"z":2.1909284591674806},"rotation":{"x":-0.019484683871269227,"y":-0.036581408232450488,"z":0.0007213943754322827,"w":-0.9991597533226013},"size":1.3623430728912354,"orthographic":true}