{"cameraMode":{"drawMode":0,"name":"Shaded","section":"Shading Mode"},"sceneLighting":true,"audioPlay":false,"sceneViewState":{"m_AlwaysRefresh":false,"showFog":true,"showSkybox":true,"showFlares":true,"showImageEffects":true,"showParticleSystems":true,"showVisualEffectGraphs":true,"m_FxEnabled":true},"in2DMode":false,"pivot":{"x":2.1374001502990724,"y":0.15999998152256013,"z":1.9900000095367432},"rotation":{"x":0.014896486885845662,"y":-0.11671949923038483,"z":0.0017485178541392089,"w":0.9930559396743774},"size":7.927663326263428,"orthographic":true}