{"cameraMode":{"drawMode":0,"name":"Shaded","section":"Shading Mode"},"sceneLighting":true,"audioPlay":false,"sceneViewState":{"m_AlwaysRefresh":false,"showFog":true,"showSkybox":true,"showFlares":true,"showImageEffects":true,"showParticleSystems":true,"showVisualEffectGraphs":true,"m_FxEnabled":true},"in2DMode":false,"pivot":{"x":-4.276650428771973,"y":3.3301217555999758,"z":-1.9099797010421754},"rotation":{"x":0.028505314141511918,"y":-0.31254857778549197,"z":0.009337353520095349,"w":0.9494953155517578},"size":12.928638458251954,"orthographic":true}